<ZJ_MRL>
    <!-- Версия XML файла -->
    <versionMod>0.9.5 beta 025</versionMod>
    <!-- Вкл. мода по умолчанию -->
    <modEnable>True</modEnable>
    <!-- Вкл. отображения перезарядки союзников в начале битвы -->
    <startAlliesEnable>True</startAlliesEnable>
    <!-- Вкл. отображения перезарядки для противника на миникарте -->
    <minimapEnable>True</minimapEnable>
    <!-- Учитывать Боевое Братство -->
    <bonusBrotherhood>True</bonusBrotherhood>
    <!-- Учитывать Доп.паёк -->
    <bonusStimulator>False</bonusStimulator>
    <!-- Учитывать Боевое Братство и Доп.паёк автоматически при боях на ГК -->
    <bonusAuto>True</bonusAuto>
    <!-- Считать барабан перезаряженным, если танк не открывал огонь в течении времени перезарядки -->
    <timeOutAutoReload>True</timeOutAutoReload>
    <!-- Добавочное время к timeOutAutoReload, в сек. -->
    <timeOutReloadDelay>3.0</timeOutReloadDelay>
    <!-- Горячая клавиша вкл./выкл. режимов -->
    <toggleKey>KEY_F10</toggleKey>
    <!-- Горячая клавиша вкл./выкл. Полное отключение мода-->
    <!-- влючая расчёт и слежение за барабанами (при включении барабан считается заряженным полностью) -->
    <modOFFKey>KEY_F11</modOFFKey>
    <!-- Разрешить показывать перезарядку у техники пропавшей из вида -->
    <unVisibleReload>False</unVisibleReload>
    <!-- Вкл. союзников по умолчанию -->
    <alliesEnable>False</alliesEnable>
    <!-- Варианты маркеров -->
    <!-- Ext_Marker_orange.swf - оранжевый -->
    <!-- Ext_Marker_red.swf - красный -->
    <!-- Ext_Marker_blue.swf - синий -->
    <!-- Ext_Marker_green.swf - зелёный -->
    <!-- Маркер противника-->
    <SWF_FILE_NAME_ENEMIES>Ext_Marker_red.swf</SWF_FILE_NAME_ENEMIES>
    <!-- Маркер союзника-->
    <SWF_FILE_NAME_ALLIES>Ext_Marker_green.swf</SWF_FILE_NAME_ALLIES>
    <!-- Частота проверки маркера в сек. -->
	<marker_timeUpdate>0.1</marker_timeUpdate>
    <!-- Корректировка задержки отключения маркера (добавочное время), в сек.-->
	<marker_timeCorrect>1.0</marker_timeCorrect>
</ZJ_MRL>
