<auto_aim>


       <!-- Режимы работы мода, настройка клавиш.-->

 <!-- Вкл./Выкл. мода при входе в бой (True/False)-->
	<ModEnable> True </ModEnable>

 <!-- Клавиша Вкл./Выкл. мода в бою (По умолчанию KEY_NUMPAD0) -->
	<HotKey> KEY_NUMPAD9 </HotKey>

 <!-- Вкл./Выкл. режима упреждения в моде при входе в бой (True/False).
      При False работает только захват произвольной точки на ПКМ без упреждения. -->
	<Deflection> True </Deflection>

 <!-- Клавиша захвата произвольной точки на танке.
       Внимание! Ставим ALT, если нужно нажимать клавишу захвата с зажатым ALT.
       (это означает ALT+ПКМ, где вместо ПКМ может быть другая клавиша,
       которую вы назначили в клиенте для захвата цели).
       Или указываем отдельную клавишу для захвата произвольной точки (без зажатия ALT).
       Например: KEY_MIDDLEMOUSE или KEY_Q или KEY_E и т.д. -->
	<Key_xyz> ALT </Key_xyz>

 <!-- Повторное нажатие клавиши захвата произвольной точки сбрасывает захват (True)
 		 или перезахватывает другую точку на танке (False) -->
 	<Sbros_xyz> False </Sbros_xyz>

 <!-- Повторное нажатие клавиши захвата сбрасывает захват (True)
 		 или перезахватывает другую цель (False) -->
 	<Sbros> True </Sbros>

 <!-- Вкл./Выкл. анализа доступности всех трёх точек прицеливания. В случае нахождения 
      доступной точки прицеливания, производится автоматическое перенаправление. (True/False) -->
	<Aiming> True </Aiming>

 <!-- Отдельные клавиши переключения трех точек прицеливания "корпус"-"низ"-"башня". -->
	<KeyPoint0> KEY_NUMPAD5 </KeyPoint0>
	<KeyPoint1> KEY_NUMPAD2 </KeyPoint1>
	<KeyPoint2> KEY_NUMPAD8 </KeyPoint2>
	
 <!-- Дополнительно к отдельным клавишам переключения трех точек прицеливания
      переключать "корпус"-"низ"-"башня" прокручиванием колеса мыши с зажатым ALT -->
	<MousePoint> True </MousePoint>	



       <!-- Настройка параметров мода.-->

 <!-- Размер сектора, в котором срабатывает автозахват цели.
	Диапазон значений: от 0.05 (сектор почти совпадает со стандартным) до 1.5 включительно. -->
	<AimSector> 0.3 </AimSector>

 <!-- Время в сек., продолжения захвата противника после пропадания из засвета. -->
	<CaptureTime> 5 </CaptureTime>

 <!-- Корректировка упреждений от расстояния до цели.
      AimOffset_1 когда дальше Distance_1.
      AimOffset_12 когда между Distance_1 и Distance_2.
      AimOffset_23 когда между Distance_2 и Distance_3.
      AimOffset_3 когда ближе Distance_3.-->
	<AimOffset_1> 1.35 </AimOffset_1>
	<Distance_1> 300 </Distance_1>
	<AimOffset_12> 1.3 </AimOffset_12>
	<Distance_2> 150 </Distance_2>
	<AimOffset_23> 1.25 </AimOffset_23>
	<Distance_3> 50 </Distance_3>
	<AimOffset_3> 1.3 </AimOffset_3>

 <!-- Плавность движения прицела при захвате (инерция). -->
	<Smooth> 8 </Smooth>	

 <!-- Расстояние до цели, ближе которого упреждение отключается и включается стандартный захват.
       Диапазон значений: от 0 до 700 метров включительно. (0 - параметр не работает) -->
	<LimitDist> 0 </LimitDist>

 <!-- Задержка (в сек.) нажатия клавиши автозахвата для осмотра по сторонам без захвата цели. -->
 	<Delay> 1.0 </Delay>



       <!-- Настройка выцеливания уязвимых мест (aim_bot) -->

 <!-- Вкл./Выкл. функции выцеливания уязвимых мест (aim_bot) при входе в бой (True/False)-->
	<BotEnable> True </BotEnable>
	
 <!-- Клавиша Вкл./Выкл. функции выцеливания уязвимых мест (aim_bot) -->
	<BotKey> KEY_NUMPAD1 </BotKey>
	
 <!-- Переключене режима работы функции выцеливания уязвимых мест (True/False).
      При True - выцеливание, как дополнительная функция (срабатывает при удержании клавиши)
      При False - выцеливание, как основная функция (срабатывает автоматически) -->
	<Bot_Dop> False </Bot_Dop>	
	
 <!-- Клавиша, удерживая которую, срабатывает aim_bot в режиме <Bot_Dop> True </Bot_Dop>
       Например: ALT или KEY_MIDDLEMOUSE или KEY_Q или KEY_E и т.д. -->
	<Key_Bot> ALT </Key_Bot>		

 <!-- Вкл./Выкл. (True/False) автовыстрела при выцеливании уязвимых мест (aim_bot) -->
	<AutoShot> False </AutoShot>
	
 <!-- Расстояние до цели, дальше которого поиск уязвимых точек не производится. -->
	<Limit_Bot> 300 </Limit_Bot>
	
 <!-- Скорость поиска уязвимых точек.
     Значение представляет количество секунд для поиска следующей точки. 
     Внимание! Большое значение плохо повлияет на поиск, если в данной проекции противника
      мало точек для пробития. -->
	<Bot_Speed> 0.8 </Bot_Speed>	
	
 <!-- Нажатие клавиши ALT позволяет остановить выцеливание и зафиксировать последнюю точку.
        Параметр не влияет в режиме <Bot_Dop> True </Bot_Dop>  -->
	<Bot_Fixed> True </Bot_Fixed>		



       <!-- Настройка надписей, отоброжаемых модом (текст, цвет, позиция).-->

 <!-- Текст сообщения точки захвата 0 (центр корпуса) над миникартой, а также сообщения
       в центре экрана  -->
	<TextPoint0> 锁定车体 </TextPoint0>
 <!-- Цвет текста сообщения точки захвата 0 (purple, gold, red, yellow, green)
       над миникартой-->
	<ColorPoint0> purple </ColorPoint0>
 <!-- Текст сообщения точки захвата 1 (нижняя часть корпуса) над миникартой, а также сообщения
       в центре экрана -->
	<TextPoint1> 锁定裤裆 </TextPoint1>
 <!-- Цвет текста сообщения точки захвата 1 (purple, gold, red, yellow, green)-->
	<ColorPoint1> gold </ColorPoint1>
 <!-- Текст сообщения точки захвата 2 (башня) над миникартой, а также сообщения
       в центре экрана -->
	<TextPoint2> 锁定炮塔 </TextPoint2>
 <!-- Цвет текста сообщения точки захвата 2 (purple, gold, red, yellow, green)-->
	<ColorPoint2> red </ColorPoint2>
	
 <!-- Текст сообщения в центре экрана при захвате произвольной точки-->	
	<TextPoint3> 点 </TextPoint3>
	
 <!-- Позиция сообщения отоброжаемого в центре экрана при автозахвате и
       захвате произвольной точки -->
	<TextPosition0> 0.0, -0.11, 1.0 </TextPosition0>
 <!-- Размер сообщения отоброжаемого в центре экрана при автозахвате и
       захвате произвольной точки (ширина и высота надписи)-->
	<TextSize0> 0.1, 0.05 </TextSize0>
 <!-- Прозрачность сообщения отоброжаемого в центре экрана при автозахвате и
       захвате произвольной точки. Диапазон значений: 0 - 255. (0 - надписи невидно) -->
	<TextOpacity0> 180 </TextOpacity0>	


 <!-- Позиция звёздочек отоброжаемых в центре экрана при автозахвате и
       захвате произвольной точки -->
	<TextPosition1> 0.0, -0.11, 1.0 </TextPosition1>
 <!-- Размер звёздочек отоброжаемых в центре экрана при автозахвате и
       захвате произвольной точки (ширина и высота звёздочек)-->
	<TextSize1> 0.1, 0.05 </TextSize1>
 <!-- Прозрачность звёздочек отоброжаемых в центре экрана при автозахвате и
       захвате произвольной точки. Диапазон значений: 0 - 255. (0 - надписи невидно) -->
	<TextOpacity1> 255 </TextOpacity1>		

 <!-- Текст сообщения при переключении упреждения в ближнем бою. Пустое поле скрывает надпись. -->
	<TextminOffset>手动锁定</TextminOffset>
 <!-- Цвет текста сообщения при переключении упреждения в ближнем бою (purple, gold, red,
	yellow, green)-->
	<ColorminOffset>gold</ColorminOffset>
 <!-- Текст сообщения при переключении упреждения в дальнем бою. Пустое поле скрывает надпись. -->
	<TextmaxOffset>自动锁定</TextmaxOffset>
 <!-- Цвет текста сообщения при переключении упреждения в дальнем бою (purple, gold, red,
	yellow, green)-->
	<ColormaxOffset>purple</ColormaxOffset>
	
 <!-- Текст сообщения при включении мода -->
	<AutoAimOn>自动锁定启用</AutoAimOn>
	
 <!-- Текст сообщения при выключении мода -->
	<AutoAimOff>自动锁定禁用</AutoAimOff>

</auto_aim>